{
	"v":	"4.6.9",
	"fr":	24,
	"sf":	0,
	"ef":	2000000,
	"w":	1,
	"h":	1,
	"color":	[0, 0, 0, 0],
	"assets":	[{
			"id":	"cam_00",
			"w":	1,
			"h":	1,
			"p":	"images/cam_00.cam",
			"s":	0,
			"sm":	0,
			"ext":	"",
			"prefix":	"",
			"absolute":	0,
			"allseq":	0,
			"rndpic":	0,
			"timescale":	1,
			"fixsize":	0,
			"micdb":	0,
			"artype":	0
		},{
			"id":	"eff_03",
			"w":	512,
			"h":	512,
			"p":	"images/eff_03.png",
			"s":	0,
			"sm":	0,
			"ext":	"",
			"prefix":	"",
			"absolute":	0,
			"allseq":	0,
			"rndpic":	0,
			"timescale":	1,
			"fixsize":	1,
			"micdb":	0,
			"artype":	0
		},{
			"id":	"eff_02",
			"w":	256,
			"h":	16,
			"p":	"images/eff_02.png",
			"s":	0,
			"sm":	0,
			"ext":	"",
			"prefix":	"",
			"absolute":	0,
			"allseq":	0,
			"rndpic":	0,
			"timescale":	1,
			"fixsize":	1,
			"micdb":	0,
			"artype":	0
		}],
	"effects":	[],
	"layers":	[{
			"id":	1,
			"sf":	0,
			"ef":	2000000,
			"offset":	0,
			"aid":	"cam_00",
			"mt":	0,
			"vl":	0,
			"bm":	0,
			"effects":	[{
					"id":	"9E6EE7DD-3B1B-4FEA-AD20-386E32B9E432",
					"sf":	-1,
					"ef":	-1,
					"export":	1,
					"props":	[{
						"ty":	5,
						"v":	"beauty/"
					},{
						"ty":	3,
                        "v":	0.0
					},{
						"ty":	3,
						"v":	0.0
					}]
				}, {
					"id":	"459203F7-565E-45EF-A2FD-A402E5DCF709",
					"sf":	-1,
					"ef":	-1,
					"export":	1,
					"props":	[{
						"ty":	5,
						"v":	"mask/"
					},{
						"ty":	3,
						"v":	0.0
					},{
						"ty":	3,
						"v":	0.0
					},{
						"ty":	11,
						"v":	"eff_03"
					},{
						"ty":	11,
						"v":	"eff_02"
					},{
						"ty":	3,
						"v":	0.0
					},{
						"ty":	3,
						"v":	0.0
					}]
				
				},{
					"id":	"CEC96A6F-86B2-428E-8F1B-4E9D1FA33A79",
					"sf":	-1,
					"ef":	-1,
					"export":	1,
					"props":	[{
						"ty":	3,
						"v":	0.0
					},{
						"ty":	3,
						"v":	0.5
					},{
						"ty":	3,
						"v":	0.5
					},{
						"ty":	3,
						"v":	0.5
					},{
                        "ty":    3,
                        "v":    0.5
                    },{
                        "ty":    3,
                        "v":    0.5
                    },{
                        "ty":    3,
                        "v":    0.5
                    },{
                        "ty":    3,
                        "v":    0.0
                    },{
                        "ty":    3,
                        "v":    0.0
                    },{
                        "ty":    3,
                        "v":    0.0
                    },{
                        "ty":    3,
                        "v":    0.0
                    },{
                        "ty":    3,
                        "v":    0.0
                    },{
                        "ty":    3,
                        "v":    0.0
                    }]
				}, {
					"id":	"5B508BBA-F814-45EC-BD65-2BB88074068C",
					"sf":	-1,
					"ef":	-1,
					"export":	1,
					"props":	[{
							"ty":	5,
							"v":	"distort/"
                        },{
                            "ty":    3,
                            "v":    0.0
                        },{
                            "ty":    3,
                            "v":    0.0
                        },{
                            "ty":    3,
                            "v":    0.0
                        },{
                            "ty":    3,
                            "v":    0.0
                        }]
				},{
                    "id":    "125459F4-CC21-428E-80A3-6D8193F2408D",
                    "sf":    -1,
                    "ef":    -1,
                    "export":    0,
                    "props":    [{
                            "ty":    8,
                            "v":    [0, 0]
                        }, {
                            "ty":    8,
                            "v":    [0, 0]
                        }, {
                            "ty":    8,
                            "v":    [100, 100]
                        }, {
                            "ty":    3,
                            "v":    0
                        }, {
                            "ty":    2,
                            "v":    100
                        }]
                }]
		}]
}
